[{"model": "EMS_app.organizer", "pk": 1, "fields": {"name": "John Doe", "email": "john.doe@email.com", "gender": "Male", "phone_number": "+1234567890", "password": "password1"}}, {"model": "EMS_app.organizer", "pk": 2, "fields": {"name": "Jane Smith", "email": "jane.smith@email.com", "gender": "Female", "phone_number": "+1987654321", "password": "password2"}}, {"model": "EMS_app.organizer", "pk": 3, "fields": {"name": "David Johnson", "email": "david.johnson@email.com", "gender": "Male", "phone_number": "+1122334455", "password": "password3"}}, {"model": "EMS_app.organizer", "pk": 4, "fields": {"name": "Emily Davis", "email": "emily.davis@email.com", "gender": "Female", "phone_number": "+1445577889", "password": "password4"}}, {"model": "EMS_app.organizer", "pk": 5, "fields": {"name": "Michael Wilson", "email": "michael.wilson@email.com", "gender": "Male", "phone_number": "+1654321987", "password": "password5"}}, {"model": "EMS_app.organizer", "pk": 6, "fields": {"name": "Olivia Rodriguez", "email": "olivia.rodriguez@email.com", "gender": "Female", "phone_number": "+1789456123", "password": "password6"}}, {"model": "EMS_app.organizer", "pk": 7, "fields": {"name": "Christopher Moore", "email": "christopher.moore@email.com", "gender": "Male", "phone_number": "+1999888777", "password": "password7"}}, {"model": "EMS_app.organizer", "pk": 8, "fields": {"name": "Ava Thomas", "email": "ava.thomas@email.com", "gender": "Female", "phone_number": "+1777555333", "password": "password8"}}, {"model": "EMS_app.organizer", "pk": 9, "fields": {"name": "Daniel Lee", "email": "daniel.lee@email.com", "gender": "Male", "phone_number": "+1666333222", "password": "password9"}}, {"model": "EMS_app.organizer", "pk": 10, "fields": {"name": "Sophia Hall", "email": "sophia.hall@email.com", "gender": "Female", "phone_number": "+1888999777", "password": "password10"}}, {"model": "EMS_app.organizer", "pk": 11, "fields": {"name": "William Baker", "email": "william.baker@email.com", "gender": "Male", "phone_number": "+1888777666", "password": "password11"}}, {"model": "EMS_app.organizer", "pk": 12, "fields": {"name": "Mia Turner", "email": "mia.turner@email.com", "gender": "Female", "phone_number": "+1777666555", "password": "password12"}}, {"model": "EMS_app.organizer", "pk": 13, "fields": {"name": "Ethan Martinez", "email": "ethan.martinez@email.com", "gender": "Male", "phone_number": "+1666555444", "password": "password13"}}, {"model": "EMS_app.organizer", "pk": 14, "fields": {"name": "Abigail Adams", "email": "abigail.adams@email.com", "gender": "Female", "phone_number": "+1888444333", "password": "password14"}}, {"model": "EMS_app.organizer", "pk": 15, "fields": {"name": "James Ward", "email": "james.ward@email.com", "gender": "Male", "phone_number": "+1888333222", "password": "password15"}}, {"model": "EMS_app.organizer", "pk": 16, "fields": {"name": "Ella Foster", "email": "ella.foster@email.com", "gender": "Female", "phone_number": "+1777222111", "password": "password16"}}, {"model": "EMS_app.organizer", "pk": 17, "fields": {"name": "Alexander Rivera", "email": "alexander.rivera@email.com", "gender": "Male", "phone_number": "+1666111000", "password": "password17"}}, {"model": "EMS_app.organizer", "pk": 18, "fields": {"name": "Scarlett Reed", "email": "scarlett.reed@email.com", "gender": "Female", "phone_number": "+1888999000", "password": "password18"}}, {"model": "EMS_app.organizer", "pk": 19, "fields": {"name": "Sindhuja", "email": "bsindhuja@vt.edu", "gender": "Male", "phone_number": "540222222", "password": "sindhuja"}}, {"model": "EMS_app.organizer", "pk": 20, "fields": {"name": "Aria Simmons", "email": "aria.simmons@email.com", "gender": "Female", "phone_number": "+1777666000", "password": "password20"}}, {"model": "EMS_app.organizer", "pk": 21, "fields": {"name": "Benjamin Henderson", "email": "benjamin.henderson@email.com", "gender": "Male", "phone_number": "+1666555000", "password": "password21"}}, {"model": "EMS_app.organizer", "pk": 22, "fields": {"name": "Lily Cooper", "email": "lily.cooper@email.com", "gender": "Female", "phone_number": "+1888444000", "password": "password22"}}, {"model": "EMS_app.organizer", "pk": 23, "fields": {"name": "Jackson Simmons", "email": "jackson.simmons@email.com", "gender": "Male", "phone_number": "+1888333000", "password": "password23"}}, {"model": "EMS_app.organizer", "pk": 24, "fields": {"name": "Grace Murphy", "email": "grace.murphy@email.com", "gender": "Female", "phone_number": "+1777222000", "password": "password24"}}, {"model": "EMS_app.organizer", "pk": 25, "fields": {"name": "Henry Turner", "email": "henry.turner@email.com", "gender": "Male", "phone_number": "+1666111000", "password": "password25"}}, {"model": "EMS_app.organizer", "pk": 26, "fields": {"name": "Violet Carter", "email": "violet.carter@email.com", "gender": "Female", "phone_number": "+1888999000", "password": "password26"}}, {"model": "EMS_app.organizer", "pk": 27, "fields": {"name": "Sebastian Baker", "email": "sebastian.baker@email.com", "gender": "Male", "phone_number": "+1888777000", "password": "password27"}}, {"model": "EMS_app.organizer", "pk": 28, "fields": {"name": "Stella Adams", "email": "stella.adams@email.com", "gender": "Female", "phone_number": "+1777666000", "password": "password28"}}, {"model": "EMS_app.organizer", "pk": 29, "fields": {"name": "Gabriel Price", "email": "gabriel.price@email.com", "gender": "Male", "phone_number": "+1666555000", "password": "password29"}}, {"model": "EMS_app.organizer", "pk": 30, "fields": {"name": "Aurora Mitchell", "email": "aurora.mitchell@email.com", "gender": "Female", "phone_number": "+1888444000", "password": "password30"}}, {"model": "EMS_app.participant", "pk": 1, "fields": {"name": "Emma Johnson", "email": "emma.johnson@email.com", "gender": "Female", "phone_number": "+1234567890", "password": "participant_password1"}}, {"model": "EMS_app.participant", "pk": 2, "fields": {"name": "Noah Smith", "email": "noah.smith@email.com", "gender": "Male", "phone_number": "+1987654321", "password": "participant_password2"}}, {"model": "EMS_app.participant", "pk": 3, "fields": {"name": "Sophia Davis", "email": "sophia.davis@email.com", "gender": "Female", "phone_number": "+1122334455", "password": "participant_password3"}}, {"model": "EMS_app.participant", "pk": 4, "fields": {"name": "Liam Wilson", "email": "liam.wilson@email.com", "gender": "Male", "phone_number": "+1445577889", "password": "participant_password4"}}, {"model": "EMS_app.participant", "pk": 5, "fields": {"name": "Olivia Rodriguez", "email": "olivia.rodriguez@email.com", "gender": "Female", "phone_number": "+1654321987", "password": "participant_password5"}}, {"model": "EMS_app.participant", "pk": 6, "fields": {"name": "Ethan Martinez", "email": "ethan.martinez@email.com", "gender": "Male", "phone_number": "+1789456123", "password": "participant_password6"}}, {"model": "EMS_app.participant", "pk": 7, "fields": {"name": "Ava Thomas", "email": "ava.thomas@email.com", "gender": "Female", "phone_number": "+1999888777", "password": "participant_password7"}}, {"model": "EMS_app.participant", "pk": 8, "fields": {"name": "Jackson Simmons", "email": "jackson.simmons@email.com", "gender": "Male", "phone_number": "+1777555333", "password": "participant_password8"}}, {"model": "EMS_app.participant", "pk": 9, "fields": {"name": "Sophia Hall", "email": "sophia.hall@email.com", "gender": "Female", "phone_number": "+1666333222", "password": "participant_password9"}}, {"model": "EMS_app.participant", "pk": 10, "fields": {"name": "Logan Price", "email": "logan.price@email.com", "gender": "Male", "phone_number": "+1888999777", "password": "participant_password10"}}, {"model": "EMS_app.participant", "pk": 11, "fields": {"name": "Abigail Adams", "email": "abigail.adams@email.com", "gender": "Female", "phone_number": "+1888777666", "password": "participant_password11"}}, {"model": "EMS_app.participant", "pk": 12, "fields": {"name": "William Baker", "email": "william.baker@email.com", "gender": "Male", "phone_number": "+1777666555", "password": "participant_password12"}}, {"model": "EMS_app.participant", "pk": 13, "fields": {"name": "Ella Foster", "email": "ella.foster@email.com", "gender": "Female", "phone_number": "+1666555444", "password": "participant_password13"}}, {"model": "EMS_app.participant", "pk": 14, "fields": {"name": "Alexander Rivera", "email": "alexander.rivera@email.com", "gender": "Male", "phone_number": "+1888444333", "password": "participant_password14"}}, {"model": "EMS_app.participant", "pk": 15, "fields": {"name": "Scarlett Reed", "email": "scarlett.reed@email.com", "gender": "Female", "phone_number": "+1888333222", "password": "participant_password15"}}, {"model": "EMS_app.participant", "pk": 16, "fields": {"name": "Henry Turner", "email": "henry.turner@email.com", "gender": "Male", "phone_number": "+1777222111", "password": "participant_password16"}}, {"model": "EMS_app.participant", "pk": 17, "fields": {"name": "Violet Carter", "email": "violet.carter@email.com", "gender": "Female", "phone_number": "+1666111000", "password": "participant_password17"}}, {"model": "EMS_app.participant", "pk": 18, "fields": {"name": "Sebastian Baker", "email": "sebastian.baker@email.com", "gender": "Male", "phone_number": "+1888999000", "password": "participant_password18"}}, {"model": "EMS_app.participant", "pk": 19, "fields": {"name": "Stella Adams", "email": "stella.adams@email.com", "gender": "Female", "phone_number": "+1888777000", "password": "participant_password19"}}, {"model": "EMS_app.participant", "pk": 20, "fields": {"name": "Gabriel Price", "email": "gabriel.price@email.com", "gender": "Male", "phone_number": "+1777666000", "password": "participant_password20"}}, {"model": "EMS_app.participant", "pk": 21, "fields": {"name": "Aria Simmons", "email": "aria.simmons@email.com", "gender": "Female", "phone_number": "+1666555000", "password": "participant_password21"}}, {"model": "EMS_app.participant", "pk": 22, "fields": {"name": "Benjamin Henderson", "email": "benjamin.henderson@email.com", "gender": "Male", "phone_number": "+1888444000", "password": "participant_password22"}}, {"model": "EMS_app.participant", "pk": 23, "fields": {"name": "Lily Cooper", "email": "lily.cooper@email.com", "gender": "Female", "phone_number": "+1888333000", "password": "participant_password23"}}, {"model": "EMS_app.participant", "pk": 24, "fields": {"name": "Jackson Simmons", "email": "jackson.simmons1@email.com", "gender": "Male", "phone_number": "+1888222000", "password": "participant_password24"}}, {"model": "EMS_app.participant", "pk": 25, "fields": {"name": "Grace Murphy", "email": "grace.murphy@email.com", "gender": "Female", "phone_number": "+1888111000", "password": "participant_password25"}}, {"model": "EMS_app.participant", "pk": 26, "fields": {"name": "Ethan Anderson", "email": "ethan.anderson@email.com", "gender": "Male", "phone_number": "+1777000000", "password": "participant_password26"}}, {"model": "EMS_app.participant", "pk": 27, "fields": {"name": "Mia Turner", "email": "mia.turner@email.com", "gender": "Female", "phone_number": "+1666888888", "password": "participant_password27"}}, {"model": "EMS_app.participant", "pk": 28, "fields": {"name": "Daniel Lee", "email": "daniel.lee@email.com", "gender": "Male", "phone_number": "+1888777777", "password": "participant_password28"}}, {"model": "EMS_app.participant", "pk": 29, "fields": {"name": "Aurora Mitchell", "email": "aurora.mitchell@email.com", "gender": "Female", "phone_number": "+1888666666", "password": "participant_password29"}}, {"model": "EMS_app.participant", "pk": 30, "fields": {"name": "William Taylor", "email": "william.taylor@email.com", "gender": "Male", "phone_number": "+1777555555", "password": "participant_password30"}}, {"model": "EMS_app.event", "pk": 1, "fields": {"name": "Blacksburg Jazz Night", "location": "Blacksburg Community Center", "description": "Join us for a night of soulful jazz performances by local musicians. Relax and enjoy the music in the heart of Blacksburg.", "start_date": "2024-03-02T00:00:00Z", "end_date": "2024-03-02T03:00:00Z", "count": 0, "org_id": 1}}, {"model": "EMS_app.event", "pk": 2, "fields": {"name": "Hiking Adventure in the Blue Ridge", "location": "Huckleberry Trailhead", "description": "Explore the scenic beauty of the Blue Ridge Mountains with a guided hiking adventure. Suitable for all skill levels.", "start_date": "2024-03-02T15:00:00Z", "end_date": "2024-03-02T19:00:00Z", "count": 1, "org_id": 2}}, {"model": "EMS_app.event", "pk": 3, "fields": {"name": "Blacksburg Farmers Market", "location": "Downtown Blacksburg Square", "description": "Discover local produce, handmade crafts, and more at the Blacksburg Farmers Market. Support local farmers and artisans.", "start_date": "2024-03-03T13:00:00Z", "end_date": "2024-03-03T17:00:00Z", "count": 1, "org_id": 3}}, {"model": "EMS_app.event", "pk": 4, "fields": {"name": "Tech Talks: Innovation in Blacksburg", "location": "Blacksburg Innovation Hub", "description": "Join industry experts as they discuss the latest innovations and technological advancements happening right here in Blacksburg.", "start_date": "2024-03-04T18:30:00Z", "end_date": "2024-03-04T21:30:00Z", "count": 0, "org_id": 4}}, {"model": "EMS_app.event", "pk": 5, "fields": {"name": "Art Exhibition: Local Talent Showcase", "location": "Blacksburg Art Gallery", "description": "Explore the vibrant art scene of Blacksburg with a showcase featuring works by talented local artists. Admission is free.", "start_date": "2024-03-05T16:00:00Z", "end_date": "2024-03-05T20:00:00Z", "count": 0, "org_id": 5}}, {"model": "EMS_app.event", "pk": 6, "fields": {"name": "Blacksburg Food Festival", "location": "Downtown Blacksburg", "description": "Savor the flavors of Blacksburg with a diverse range of local cuisines. Food trucks, live music, and a celebration of community spirit!", "start_date": "2024-03-06T22:00:00Z", "end_date": "2024-03-07T02:00:00Z", "count": 0, "org_id": 6}}, {"model": "EMS_app.event", "pk": 7, "fields": {"name": "Movie Night in the Park", "location": "Municipal Park", "description": "Bring your blankets and join us for a family-friendly movie night under the stars. Popcorn and refreshments will be available.", "start_date": "2024-03-08T00:30:00Z", "end_date": "2024-03-08T03:00:00Z", "count": 0, "org_id": 7}}, {"model": "EMS_app.event", "pk": 8, "fields": {"name": "Blacksburg Wellness Expo", "location": "Wellness Center", "description": "Discover the latest trends in health and wellness at the Blacksburg Wellness Expo. Featuring workshops, fitness demos, and expert speakers.", "start_date": "2024-03-08T14:00:00Z", "end_date": "2024-03-08T18:00:00Z", "count": 0, "org_id": 8}}, {"model": "EMS_app.event", "pk": 9, "fields": {"name": "Cultural Fusion: Blacksburg International Festival", "location": "Community Cultural Center", "description": "Experience a melting pot of cultures at the Blacksburg International Festival. Dance performances, international cuisine, and a celebration of diversity.", "start_date": "2024-03-09T17:00:00Z", "end_date": "2024-03-09T23:00:00Z", "count": 1, "org_id": 9}}, {"model": "EMS_app.event", "pk": 10, "fields": {"name": "Blacksburg Tech Meetup", "location": "Tech Hub Blacksburg", "description": "Connect with fellow tech enthusiasts and professionals at the Blacksburg Tech Meetup. Networking, lightning talks, and a chance to explore exciting tech projects.", "start_date": "2024-03-10T22:30:00Z", "end_date": "2024-03-11T01:00:00Z", "count": 0, "org_id": 10}}, {"model": "EMS_app.event", "pk": 11, "fields": {"name": "Family Fun Day: Blacksburg Zoo", "location": "Blacksburg Zoo", "description": "Bring the whole family for a day of fun at the Blacksburg Zoo. Animal encounters, games, and educational activities for all ages.", "start_date": "2024-03-11T14:00:00Z", "end_date": "2024-03-11T19:00:00Z", "count": 0, "org_id": 11}}, {"model": "EMS_app.event", "pk": 13, "fields": {"name": "Blacksburg Science Fair", "location": "Blacksburg High School", "description": "Encourage young minds and explore the wonders of science at the Blacksburg Science Fair. Student projects, interactive exhibits, and a celebration of curiosity.", "start_date": "2024-03-13T17:00:00Z", "end_date": "2024-03-13T21:00:00Z", "count": 1, "org_id": 13}}, {"model": "EMS_app.event", "pk": 18, "fields": {"name": "Graduation ceremony", "location": "Cassell Colossium", "description": "Graduate ceremony for graduates and undergraduates", "start_date": "2024-05-11T12:00:00Z", "end_date": "2024-05-12T12:00:00Z", "count": 1, "org_id": 1}}, {"model": "EMS_app.event", "pk": 19, "fields": {"name": "Holi", "location": "Duck's Pond", "description": "Holi is an authentic indian festival where people play around with colors", "start_date": "2024-04-21T12:00:00Z", "end_date": "2024-04-21T13:00:00Z", "count": 0, "org_id": 1}}, {"model": "EMS_app.event", "pk": 21, "fields": {"name": "Blacksburg Fitness", "location": "Community Fitness Center", "description": "Join the Blacksburg Fitness Challenge and embark on a month-long journey to improve your fitness. Workouts, nutrition tips, and a supportive community await.", "start_date": "2024-03-21T12:00:00Z", "end_date": "2024-04-21T22:00:00Z", "count": 0, "org_id": 21}}, {"model": "EMS_app.event", "pk": 22, "fields": {"name": "Craft Beer Tasting: Local Breweries Showcase", "location": "Blacksburg Craft Brew House", "description": "Savor the flavors of local craft beers at the Blacksburg Craft Brew House. A tasting event featuring a variety of unique and refreshing brews.", "start_date": "2024-03-22T20:00:00Z", "end_date": "2024-03-23T00:00:00Z", "count": 1, "org_id": 22}}, {"model": "EMS_app.event", "pk": 23, "fields": {"name": "Blacksburg Tech Expo", "location": "Tech Hub Blacksburg", "description": "Explore the latest in technology at the Blacksburg Tech Expo. Demonstrations, product showcases, and networking opportunities for tech enthusiasts.", "start_date": "2024-03-23T16:30:00Z", "end_date": "2024-03-23T20:30:00Z", "count": 0, "org_id": 23}}, {"model": "EMS_app.event", "pk": 24, "fields": {"name": "Outdoor Movie Night: Family Edition", "location": "Municipal Park", "description": "Gather your family for an enchanting outdoor movie night. A family-friendly film, popcorn, and a memorable evening under the open sky.", "start_date": "2024-03-24T22:30:00Z", "end_date": "2024-03-25T01:30:00Z", "count": 0, "org_id": 24}}, {"model": "EMS_app.event", "pk": 25, "fields": {"name": "Blacksburg Book Club Meeting", "location": "Community Library", "description": "Join fellow book lovers for an engaging discussion at the Blacksburg Book Club Meeting. A literary journey through captivating stories awaits.", "start_date": "2024-03-25T23:00:00Z", "end_date": "2024-03-26T01:00:00Z", "count": 0, "org_id": 25}}, {"model": "EMS_app.event", "pk": 26, "fields": {"name": "Blacksburg Youth Sports Day", "location": "Community Sports Complex", "description": "Encourage young athletes and sports enthusiasts at the Blacksburg Youth Sports Day. Games, competitions, and a day of active fun for the whole family.", "start_date": "2024-03-26T14:00:00Z", "end_date": "2024-03-26T18:00:00Z", "count": 0, "org_id": 26}}, {"model": "EMS_app.event", "pk": 27, "fields": {"name": "Live Music at the Brew House", "location": "Blacksburg Craft Brew House", "description": "Spend a laid-back evening enjoying live music at the Blacksburg Craft Brew House. A lineup of talented local musicians and a variety of craft beers.", "start_date": "2024-03-28T00:00:00Z", "end_date": "2024-03-28T03:00:00Z", "count": 0, "org_id": 27}}, {"model": "EMS_app.event", "pk": 28, "fields": {"name": "Blacksburg Art Walk", "location": "Downtown Blacksburg", "description": "Immerse yourself in the vibrant arts scene of Blacksburg with the Art Walk. Explore galleries, meet local artists, and experience the creativity that defines our community.", "start_date": "2024-03-28T21:00:00Z", "end_date": "2024-03-29T00:00:00Z", "count": 0, "org_id": 28}}, {"model": "EMS_app.event", "pk": 29, "fields": {"name": "Nature Photography Workshop", "location": "Blacksburg Nature Reserve", "description": "Capture the beauty of nature with a hands-on photography workshop. Learn essential techniques and explore scenic spots in the Blacksburg Nature Reserve.", "start_date": "2024-03-29T13:30:00Z", "end_date": "2024-03-29T17:30:00Z", "count": 0, "org_id": 29}}, {"model": "EMS_app.event", "pk": 30, "fields": {"name": "Blacksburg Community Cleanup", "location": "Various Locations", "description": "Join the community in a collective effort to keep Blacksburg clean and green. A day dedicated to environmental stewardship and community pride.", "start_date": "2024-03-30T12:00:00Z", "end_date": "2024-03-30T16:00:00Z", "count": 1, "org_id": 30}}, {"model": "EMS_app.registration", "pk": 2, "fields": {"participant": 1, "event": 21, "registration_date": "2024-04-19T17:12:28.072Z", "status": "registered"}}, {"model": "EMS_app.registration", "pk": 3, "fields": {"participant": 1, "event": 22, "registration_date": "2024-04-19T17:12:54.526Z", "status": "registered"}}, {"model": "EMS_app.registration", "pk": 4, "fields": {"participant": 2, "event": 24, "registration_date": "2024-04-19T17:30:50.138Z", "status": "registered"}}, {"model": "EMS_app.registration", "pk": 5, "fields": {"participant": 2, "event": 21, "registration_date": "2024-04-19T18:05:26.832Z", "status": "registered"}}, {"model": "EMS_app.registration", "pk": 6, "fields": {"participant": 2, "event": 22, "registration_date": "2024-04-19T18:33:15.888Z", "status": "registered"}}, {"model": "EMS_app.registration", "pk": 7, "fields": {"participant": 1, "event": 13, "registration_date": "2024-04-19T22:09:13.258Z", "status": "registered"}}, {"model": "EMS_app.registration", "pk": 8, "fields": {"participant": 1, "event": 2, "registration_date": "2024-04-19T22:09:24.949Z", "status": "registered"}}, {"model": "EMS_app.registration", "pk": 9, "fields": {"participant": 1, "event": 18, "registration_date": "2024-04-19T22:09:32.295Z", "status": "registered"}}, {"model": "EMS_app.registration", "pk": 10, "fields": {"participant": 1, "event": 9, "registration_date": "2024-04-19T22:16:29.577Z", "status": "registered"}}, {"model": "EMS_app.registration", "pk": 11, "fields": {"participant": 1, "event": 3, "registration_date": "2024-04-27T00:38:55.505Z", "status": "registered"}}, {"model": "EMS_app.registration", "pk": 12, "fields": {"participant": 1, "event": 30, "registration_date": "2024-04-27T01:09:55.450Z", "status": "registered"}}, {"model": "auth.permission", "pk": 1, "fields": {"name": "Can add organizer", "content_type": 1, "codename": "add_organizer"}}, {"model": "auth.permission", "pk": 2, "fields": {"name": "Can change organizer", "content_type": 1, "codename": "change_organizer"}}, {"model": "auth.permission", "pk": 3, "fields": {"name": "Can delete organizer", "content_type": 1, "codename": "delete_organizer"}}, {"model": "auth.permission", "pk": 4, "fields": {"name": "Can view organizer", "content_type": 1, "codename": "view_organizer"}}, {"model": "auth.permission", "pk": 5, "fields": {"name": "Can add participant", "content_type": 2, "codename": "add_participant"}}, {"model": "auth.permission", "pk": 6, "fields": {"name": "Can change participant", "content_type": 2, "codename": "change_participant"}}, {"model": "auth.permission", "pk": 7, "fields": {"name": "Can delete participant", "content_type": 2, "codename": "delete_participant"}}, {"model": "auth.permission", "pk": 8, "fields": {"name": "Can view participant", "content_type": 2, "codename": "view_participant"}}, {"model": "auth.permission", "pk": 9, "fields": {"name": "Can add event", "content_type": 3, "codename": "add_event"}}, {"model": "auth.permission", "pk": 10, "fields": {"name": "Can change event", "content_type": 3, "codename": "change_event"}}, {"model": "auth.permission", "pk": 11, "fields": {"name": "Can delete event", "content_type": 3, "codename": "delete_event"}}, {"model": "auth.permission", "pk": 12, "fields": {"name": "Can view event", "content_type": 3, "codename": "view_event"}}, {"model": "auth.permission", "pk": 13, "fields": {"name": "Can add log entry", "content_type": 4, "codename": "add_logentry"}}, {"model": "auth.permission", "pk": 14, "fields": {"name": "Can change log entry", "content_type": 4, "codename": "change_logentry"}}, {"model": "auth.permission", "pk": 15, "fields": {"name": "Can delete log entry", "content_type": 4, "codename": "delete_logentry"}}, {"model": "auth.permission", "pk": 16, "fields": {"name": "Can view log entry", "content_type": 4, "codename": "view_logentry"}}, {"model": "auth.permission", "pk": 17, "fields": {"name": "Can add permission", "content_type": 5, "codename": "add_permission"}}, {"model": "auth.permission", "pk": 18, "fields": {"name": "Can change permission", "content_type": 5, "codename": "change_permission"}}, {"model": "auth.permission", "pk": 19, "fields": {"name": "Can delete permission", "content_type": 5, "codename": "delete_permission"}}, {"model": "auth.permission", "pk": 20, "fields": {"name": "Can view permission", "content_type": 5, "codename": "view_permission"}}, {"model": "auth.permission", "pk": 21, "fields": {"name": "Can add group", "content_type": 6, "codename": "add_group"}}, {"model": "auth.permission", "pk": 22, "fields": {"name": "Can change group", "content_type": 6, "codename": "change_group"}}, {"model": "auth.permission", "pk": 23, "fields": {"name": "Can delete group", "content_type": 6, "codename": "delete_group"}}, {"model": "auth.permission", "pk": 24, "fields": {"name": "Can view group", "content_type": 6, "codename": "view_group"}}, {"model": "auth.permission", "pk": 25, "fields": {"name": "Can add user", "content_type": 7, "codename": "add_user"}}, {"model": "auth.permission", "pk": 26, "fields": {"name": "Can change user", "content_type": 7, "codename": "change_user"}}, {"model": "auth.permission", "pk": 27, "fields": {"name": "Can delete user", "content_type": 7, "codename": "delete_user"}}, {"model": "auth.permission", "pk": 28, "fields": {"name": "Can view user", "content_type": 7, "codename": "view_user"}}, {"model": "auth.permission", "pk": 29, "fields": {"name": "Can add content type", "content_type": 8, "codename": "add_contenttype"}}, {"model": "auth.permission", "pk": 30, "fields": {"name": "Can change content type", "content_type": 8, "codename": "change_contenttype"}}, {"model": "auth.permission", "pk": 31, "fields": {"name": "Can delete content type", "content_type": 8, "codename": "delete_contenttype"}}, {"model": "auth.permission", "pk": 32, "fields": {"name": "Can view content type", "content_type": 8, "codename": "view_contenttype"}}, {"model": "auth.permission", "pk": 33, "fields": {"name": "Can add session", "content_type": 9, "codename": "add_session"}}, {"model": "auth.permission", "pk": 34, "fields": {"name": "Can change session", "content_type": 9, "codename": "change_session"}}, {"model": "auth.permission", "pk": 35, "fields": {"name": "Can delete session", "content_type": 9, "codename": "delete_session"}}, {"model": "auth.permission", "pk": 36, "fields": {"name": "Can view session", "content_type": 9, "codename": "view_session"}}, {"model": "auth.permission", "pk": 37, "fields": {"name": "Can add registration", "content_type": 10, "codename": "add_registration"}}, {"model": "auth.permission", "pk": 38, "fields": {"name": "Can change registration", "content_type": 10, "codename": "change_registration"}}, {"model": "auth.permission", "pk": 39, "fields": {"name": "Can delete registration", "content_type": 10, "codename": "delete_registration"}}, {"model": "auth.permission", "pk": 40, "fields": {"name": "Can view registration", "content_type": 10, "codename": "view_registration"}}, {"model": "contenttypes.contenttype", "pk": 1, "fields": {"app_label": "EMS_app", "model": "organizer"}}, {"model": "contenttypes.contenttype", "pk": 2, "fields": {"app_label": "EMS_app", "model": "participant"}}, {"model": "contenttypes.contenttype", "pk": 3, "fields": {"app_label": "EMS_app", "model": "event"}}, {"model": "contenttypes.contenttype", "pk": 4, "fields": {"app_label": "admin", "model": "logentry"}}, {"model": "contenttypes.contenttype", "pk": 5, "fields": {"app_label": "auth", "model": "permission"}}, {"model": "contenttypes.contenttype", "pk": 6, "fields": {"app_label": "auth", "model": "group"}}, {"model": "contenttypes.contenttype", "pk": 7, "fields": {"app_label": "auth", "model": "user"}}, {"model": "contenttypes.contenttype", "pk": 8, "fields": {"app_label": "contenttypes", "model": "contenttype"}}, {"model": "contenttypes.contenttype", "pk": 9, "fields": {"app_label": "sessions", "model": "session"}}, {"model": "contenttypes.contenttype", "pk": 10, "fields": {"app_label": "EMS_app", "model": "registration"}}, {"model": "sessions.session", "pk": "582u79c4um9bx4yc5vrn3lbs1gn3y4lo", "fields": {"session_data": "eyJvcmdhbml6ZXJfbmFtZSI6IlNpbmRodWphIn0:1rgGoM:t1pFTRDouzvAB-yZJ3lFFyhMS-BaVDLnkrGOG81dRZ4", "expire_date": "2024-03-16T04:17:22.184Z"}}, {"model": "sessions.session", "pk": "kq02dk2qhpjgx30mgja7vziw8cu31cnv", "fields": {"session_data": "eyJvcmdhbml6ZXJfbmFtZSI6IkpvaG4gRG9lIn0:1rnRzf:Ckm5D_jTA9KR2tl5HutqrMljtbFaC7v9t3vQ8c7-w1k", "expire_date": "2024-04-04T23:38:43.268Z"}}, {"model": "sessions.session", "pk": "m7yh6l7989gc1u37do22ej6e1qqo4jke", "fields": {"session_data": "eyJvcmdhbml6ZXJfbmFtZSI6ImEifQ:1rfuSv:Qrz6Ymx0y5Su_V1xyXWlrhtADJgNLyzUHM1-O6EMW-U", "expire_date": "2024-03-15T04:25:45.650Z"}}, {"model": "sessions.session", "pk": "qjlbr96vbq53uvad27a3o9urcqe8jdbr", "fields": {"session_data": "e30:1s0Wbc:ckdEX31H42C3IAIcDvrjdreMy6aneMtQKPWWUJmU_lM", "expire_date": "2024-05-11T01:11:56.149Z"}}]